star_number,photometric_x,photometric_y,non_photometric_x,non_photometric_y,b_mag_simbad,v_mag_simbad,raj2000,dej2000,b_mag,v_mag,r_mag,i_mag
1,738,468,48,27,14.73,13.8,154.3111239,-46.44664579,14.716,13.952,13.44,12.779
2,494,439,293,56,15.145999999999999,14.020999999999999,154.3751324,-46.44352875,15.136,14.174,13.521,12.785
3,664,126,123,370,15.02,13.87,154.3346247,-46.38599279,14.961,13.994,13.367,12.674
4,460,80,328,417,15.56,14.77,154.3882669,-46.37938023,15.486,14.837,14.403,13.786
5,135,250,653,245,15.52,14.54,154.4705311,-46.41242404,15.401,14.649,14.051,13.422
