Filter,Extinction
B,0.5945800000000001
V,0.43400000000000005
R,0.34720000000000006
I,0.24738000000000002
